chunk,type,seed,p_mean,p_levene
up_1_10,real,-,1.4152940488850412e-13,0.003134251195373911
up_11_20,real,-,0.2831999171844344,0.5755097882829716
ds_1_10,real,-,9.844860517806605e-16,1.6012900733898608e-06
ds_11_20,real,-,0.000208432893785165,0.0009199800089481014
up_1_10,shuffle,42,0.24575483492191397,0.15631774593126543
up_1_10,shuffle,43,0.607457389064173,0.15452892764459858
up_1_10,shuffle,44,0.3769230812844795,0.019337895809678353
up_1_10,shuffle,45,0.0671995038540441,0.006095017049423494
up_1_10,shuffle,46,0.8773002808907101,0.08313463601166507
up_1_10,shuffle,47,0.014168644100392442,0.4868753875378987
up_1_10,shuffle,48,0.24234926149978464,0.0016142586840168652
up_1_10,shuffle,49,0.006535568073611604,0.042977860957266585
up_1_10,shuffle,50,0.45678247366813174,0.11577728243976551
up_1_10,shuffle,51,0.00491983463018931,0.7523904649602854
up_1_10,shuffle,52,0.9136016800518948,0.5260619157719681
up_1_10,shuffle,53,0.11787386385961514,0.005414016477839372
up_1_10,shuffle,54,0.009511994353402305,0.12145507263420334
up_1_10,shuffle,55,0.11703992348302371,0.9718738530463129
up_1_10,shuffle,56,0.08065273730505162,0.9724728736587135
up_1_10,shuffle,57,0.4302877740656742,0.27568225553835235
up_1_10,shuffle,58,0.587544008782694,0.04594866168181889
up_1_10,shuffle,59,0.21295665052433138,0.943593979534291
up_1_10,shuffle,60,0.5264145076681923,0.3308816500649442
up_1_10,shuffle,61,0.9375890530867391,0.08613732517585425
up_1_10,shuffle,62,0.11464860283840596,0.26422935323545005
up_1_10,shuffle,63,0.12356747880160392,0.08177198261886687
up_1_10,shuffle,64,0.005350253673743199,0.4961513790719132
up_1_10,shuffle,65,0.456333159040925,0.3770506732776918
up_1_10,shuffle,66,0.2178744593971626,0.20000953287878678
up_1_10,shuffle,67,0.13255601097883696,0.0004941361929041133
up_1_10,shuffle,68,0.26637640270286456,0.009339275276411171
up_1_10,shuffle,69,0.21330176993374253,0.04859358459369671
up_1_10,shuffle,70,0.04554989465559393,0.7954262665040442
up_1_10,shuffle,71,0.4822642547944235,0.4532499508706903
up_1_10,shuffle,72,0.0210692357982111,0.3323486431134378
up_1_10,shuffle,73,0.49981052097757916,0.002134430865931513
up_1_10,shuffle,74,0.8973525097511816,0.01054644945850699
up_1_10,shuffle,75,0.1644906634685269,0.005197842223491138
up_1_10,shuffle,76,0.048458541361268946,0.3055897371264706
up_1_10,shuffle,77,0.06821706372330497,0.2774342400852261
up_1_10,shuffle,78,0.45615153068777936,0.281524885591974
up_1_10,shuffle,79,0.16666849266719785,0.2514277322636103
up_1_10,shuffle,80,0.0036717569557639276,0.11553426572778594
up_1_10,shuffle,81,0.2648824957466903,0.004288829228672143
up_1_10,shuffle,82,0.6042948962478407,0.9245477702149849
up_1_10,shuffle,83,9.913741700592465e-06,4.79548573197918e-07
up_1_10,shuffle,84,0.754288401321216,0.05946918071515349
up_1_10,shuffle,85,0.6147683609312102,0.00012255915500491489
up_1_10,shuffle,86,0.377567439588411,0.7017391521968245
up_1_10,shuffle,87,0.5802482826956006,0.2510658684763022
up_1_10,shuffle,88,0.9417959954990968,0.36030326386868416
up_1_10,shuffle,89,0.7402147800070755,0.0077507576252600335
up_1_10,shuffle,90,0.12731954925446345,0.0014407272584523784
up_1_10,shuffle,91,0.6697809687943428,0.17788784245247632
up_1_10,shuffle,92,0.5367639480148643,0.3219666446673518
up_1_10,shuffle,93,0.36117555389108735,0.11953246673414016
up_1_10,shuffle,94,0.9492063327163792,0.024058232422877787
up_1_10,shuffle,95,0.16080732909242698,0.16949749697452274
up_1_10,shuffle,96,0.6263586811728714,0.05340616716459384
up_1_10,shuffle,97,0.006301846449710867,0.05273940798119053
up_1_10,shuffle,98,0.374059218353455,0.5633553162063465
up_1_10,shuffle,99,0.48656890580438517,0.09179969110185132
up_1_10,shuffle,100,0.0802674328587239,0.004598933626820173
up_1_10,shuffle,101,0.016241384384374336,0.3726885072947337
up_1_10,shuffle,102,0.032861274598053145,0.4171375271829032
up_1_10,shuffle,103,0.20928856238792962,0.021574943272316422
up_1_10,shuffle,104,0.04189658269793641,0.9800741534891642
up_1_10,shuffle,105,0.35379120756664484,0.005456892341349888
up_1_10,shuffle,106,0.22006121491347017,0.034335008687880364
up_1_10,shuffle,107,0.8887134698979837,0.544761293458166
up_1_10,shuffle,108,0.03658812043209717,0.3149526636164796
up_1_10,shuffle,109,0.007621214978732276,0.027082481911217232
up_1_10,shuffle,110,0.3404007398386777,0.0014505240672289341
up_1_10,shuffle,111,0.6991500655218459,0.2329765030911758
up_1_10,shuffle,112,0.7913177050806068,0.07271081934939866
up_1_10,shuffle,113,0.12734606847549002,0.1255970963163484
up_1_10,shuffle,114,0.27487230897570397,0.8819068144938067
up_1_10,shuffle,115,0.3845836994762041,0.008437943064374216
up_1_10,shuffle,116,0.35054467014944635,0.0076876589368462785
up_1_10,shuffle,117,0.13150746884061884,0.5399610915335966
up_1_10,shuffle,118,0.6959769491502699,0.170420052966225
up_1_10,shuffle,119,0.02223635125954867,0.28373798194155236
up_1_10,shuffle,120,0.10692231711242486,0.02797562810670012
up_1_10,shuffle,121,0.4427771389924394,0.2829116296000449
up_1_10,shuffle,122,0.4117222920875344,0.44071393991148233
up_1_10,shuffle,123,0.5031463815687673,0.00872530804759746
up_1_10,shuffle,124,0.20363715451588668,0.03514696848554272
up_1_10,shuffle,125,0.19883880223919115,0.43417089784688456
up_1_10,shuffle,126,0.04186405804472129,0.24734258916487697
up_1_10,shuffle,127,0.04617349397285071,0.0003662721424984863
up_1_10,shuffle,128,0.4959370607816379,0.21509875002589204
up_1_10,shuffle,129,0.09410926947615737,0.009722071832955733
up_1_10,shuffle,130,0.2380540127286693,0.17913911791895676
up_1_10,shuffle,131,0.01397911250383369,0.7061155956901364
up_1_10,shuffle,132,0.0011229445667976087,0.0004553105208552078
up_1_10,shuffle,133,0.01811154245417643,0.10383000874082103
up_1_10,shuffle,134,0.10632146044961822,0.002348715111407144
up_1_10,shuffle,135,0.10301961855596264,0.4166209833745105
up_1_10,shuffle,136,0.9749128317231968,0.7820565391418836
up_1_10,shuffle,137,0.046665665373624626,0.9885340699646942
up_1_10,shuffle,138,0.3461074398207775,0.27510637978817
up_1_10,shuffle,139,0.1717290171108883,0.46090991279223137
up_1_10,shuffle,140,0.4403372109819036,7.798961515713217e-05
up_1_10,shuffle,141,0.36060517871946496,0.1710782581874549
up_11_20,shuffle,42,0.7104700337919769,0.9052841976188715
up_11_20,shuffle,43,0.5686406004022275,0.25136469227013125
up_11_20,shuffle,44,0.22587101344107013,0.2703489016958581
up_11_20,shuffle,45,0.6186931887186622,0.2180385282404795
up_11_20,shuffle,46,0.7202571061294037,0.34586256745415045
up_11_20,shuffle,47,0.03732514404866255,2.011085928737561e-05
up_11_20,shuffle,48,0.9506062758233605,0.16249770282514545
up_11_20,shuffle,49,0.7918750119942111,0.10355753234862994
up_11_20,shuffle,50,0.03198922568378688,0.3483551848676263
up_11_20,shuffle,51,0.28385085583005454,0.4596424695522974
up_11_20,shuffle,52,0.3936961867750006,0.4953826621767583
up_11_20,shuffle,53,0.13200441496064372,0.5612205011404308
up_11_20,shuffle,54,0.22693145860428054,4.5429347089850996e-07
up_11_20,shuffle,55,0.29965115738663856,0.38027203248810393
up_11_20,shuffle,56,0.020123223219102142,0.10795841854625209
up_11_20,shuffle,57,0.5716422273044075,0.28455610018549166
up_11_20,shuffle,58,0.731343061336259,0.4403292109108581
up_11_20,shuffle,59,0.007713612755564524,0.6837536695524438
up_11_20,shuffle,60,0.00018774240385288675,0.0005487936708847668
up_11_20,shuffle,61,0.010625970953426492,0.0022582698003328324
up_11_20,shuffle,62,0.020123223219102142,0.10795841854625209
up_11_20,shuffle,63,0.0030930142722820357,0.07774728591599903
up_11_20,shuffle,64,0.06940740307639279,0.009325065491944826
up_11_20,shuffle,65,0.717952486122557,0.2663112915960448
up_11_20,shuffle,66,0.07844276276696316,0.9421930332605521
up_11_20,shuffle,67,0.7104700337919769,0.9052841976188715
up_11_20,shuffle,68,0.2617971079520814,0.013064856748689815
up_11_20,shuffle,69,0.22458325344541777,0.9112093066226998
up_11_20,shuffle,70,0.22116815655213823,0.009051750808746295
up_11_20,shuffle,71,0.0005359754504016746,0.8061058056508505
up_11_20,shuffle,72,0.2720537868125865,0.6379997707877008
up_11_20,shuffle,73,0.22351920214868679,0.0006925460148680465
up_11_20,shuffle,74,0.5149687873362111,0.005409689168024087
up_11_20,shuffle,75,0.5176978165498801,0.018746463194498252
up_11_20,shuffle,76,0.0032747481584288044,0.004955355447709019
up_11_20,shuffle,77,0.2981843131404543,0.613455077951009
up_11_20,shuffle,78,0.05311775197313791,0.13962284792829857
up_11_20,shuffle,79,0.27447079517793077,0.3381389662972528
up_11_20,shuffle,80,0.47980474607469936,0.055376590448892656
up_11_20,shuffle,81,0.1888784682588506,0.3182100821697006
up_11_20,shuffle,82,0.8078148057603519,0.004299988195710655
up_11_20,shuffle,83,0.3050157596871826,0.8615247229395915
up_11_20,shuffle,84,0.3491725079726139,0.05905472015426507
up_11_20,shuffle,85,0.8738903258880989,0.005498017673051816
up_11_20,shuffle,86,0.6295581396948029,0.9248675601898456
up_11_20,shuffle,87,0.9434562445602859,0.3321058528651961
up_11_20,shuffle,88,0.5305210209268576,0.12447986569620746
up_11_20,shuffle,89,0.7880224344308114,0.22873214269718026
up_11_20,shuffle,90,0.3809916792638134,0.0003538886523183839
up_11_20,shuffle,91,0.6048959601496038,0.07665087939237349
up_11_20,shuffle,92,0.12066527777397608,0.28581871380775553
up_11_20,shuffle,93,0.40863785034924005,0.003160105358666126
up_11_20,shuffle,94,0.18072851420350916,0.9373077292364277
up_11_20,shuffle,95,0.34223625041540406,0.11310700869005957
up_11_20,shuffle,96,0.0619395596596049,0.19843045052305291
up_11_20,shuffle,97,0.731343061336259,0.4403292109108581
up_11_20,shuffle,98,0.005761061532757445,0.2560440658845791
up_11_20,shuffle,99,0.2265333373166193,0.06653470404003595
up_11_20,shuffle,100,0.7359190122331727,0.3361051941836247
up_11_20,shuffle,101,0.4639486872371472,0.03220780888790253
up_11_20,shuffle,102,0.8720145910958749,0.4057838734748692
up_11_20,shuffle,103,0.570649140929095,0.14957742165522955
up_11_20,shuffle,104,0.4361915066300779,0.0937009468158582
up_11_20,shuffle,105,0.12374964964412803,0.53737363863684
up_11_20,shuffle,106,0.7497064697967258,0.4544448515111883
up_11_20,shuffle,107,0.6112447860898962,0.000918067455488239
up_11_20,shuffle,108,0.827807833760074,0.34031883390564144
up_11_20,shuffle,109,0.04286162187938245,0.33507585447562116
up_11_20,shuffle,110,0.0017173293565614165,0.18519767815024632
up_11_20,shuffle,111,0.4535363167578852,0.5198119549900063
up_11_20,shuffle,112,0.18605515571897213,0.020651520281117348
up_11_20,shuffle,113,0.5968148949105238,0.532726670837719
up_11_20,shuffle,114,0.2611734575130768,0.5661169070752948
up_11_20,shuffle,115,0.4740508101009492,0.06678387434833426
up_11_20,shuffle,116,0.7458140548410845,0.510206428592711
up_11_20,shuffle,117,0.4631933907362499,0.9086481727836007
up_11_20,shuffle,118,0.731343061336259,0.4403292109108581
up_11_20,shuffle,119,0.4908818425495337,0.6790600690502047
up_11_20,shuffle,120,0.26342728167631674,0.008968783604810193
up_11_20,shuffle,121,0.6655965151647354,0.00975160840461832
up_11_20,shuffle,122,0.17104659452156723,0.02690728305132427
up_11_20,shuffle,123,0.09263804600206968,0.017395051532086696
up_11_20,shuffle,124,0.017326485656512087,0.020184514806547003
up_11_20,shuffle,125,0.7185306376773063,0.03818387930559197
up_11_20,shuffle,126,0.4535363167578852,0.5198119549900063
up_11_20,shuffle,127,0.708093746532928,0.001037081026351528
up_11_20,shuffle,128,0.17040207951891492,0.9858893769131767
up_11_20,shuffle,129,0.4732584056792265,0.5434114408869024
up_11_20,shuffle,130,0.005310522903601226,0.14735687094609312
up_11_20,shuffle,131,0.8752188480269768,0.6019762641868723
up_11_20,shuffle,132,0.6019135966609026,0.00260061883737168
up_11_20,shuffle,133,0.2309794853106367,0.24463284393768536
up_11_20,shuffle,134,0.6019135966609026,0.00260061883737168
up_11_20,shuffle,135,0.2071819801658809,0.142149307282825
up_11_20,shuffle,136,0.0969452564589868,0.49344601025918167
up_11_20,shuffle,137,0.06817897883332809,0.0025940692054804352
up_11_20,shuffle,138,0.6831975527669706,0.47360681559300644
up_11_20,shuffle,139,0.3491725079726139,0.05905472015426507
up_11_20,shuffle,140,0.1879025909808016,0.09124777340584271
up_11_20,shuffle,141,0.9543431920755245,0.25778431683003405
ds_1_10,shuffle,42,0.5943443674993538,0.3679191471515948
ds_1_10,shuffle,43,0.07922413750491418,0.9973776202878019
ds_1_10,shuffle,44,0.7627206635895475,0.9046926336334999
ds_1_10,shuffle,45,0.19569513809054817,0.21941234310085045
ds_1_10,shuffle,46,0.9712489656352458,0.7739893232146351
ds_1_10,shuffle,47,0.08706432952854208,0.19383589027317852
ds_1_10,shuffle,48,0.00604913325964208,0.07972938532058546
ds_1_10,shuffle,49,0.15338803511829327,0.04210252111979041
ds_1_10,shuffle,50,0.3581796962726116,0.02472293982115152
ds_1_10,shuffle,51,0.05462219727075306,0.5401403311338328
ds_1_10,shuffle,52,0.1160301029372101,0.003080082437718742
ds_1_10,shuffle,53,0.00736038518034068,0.044076325246493825
ds_1_10,shuffle,54,0.18880043033268357,0.6276439996102751
ds_1_10,shuffle,55,0.9669166411408912,0.03647220336083487
ds_1_10,shuffle,56,0.0603839237352639,0.09906522087605947
ds_1_10,shuffle,57,0.9453344051988317,0.7791709947587926
ds_1_10,shuffle,58,0.7427992799218878,0.16691860880108472
ds_1_10,shuffle,59,0.050312484364531916,0.5702604864287457
ds_1_10,shuffle,60,0.7286313162751488,0.0003441532852787611
ds_1_10,shuffle,61,0.059583765836790994,0.06962003827492218
ds_1_10,shuffle,62,0.8494714419045699,0.8261300454480298
ds_1_10,shuffle,63,0.14131840996153325,0.1811273470660369
ds_1_10,shuffle,64,0.04029174778447445,0.1862717997762808
ds_1_10,shuffle,65,0.2151073530287513,0.03650345062346135
ds_1_10,shuffle,66,0.2555487750109,0.14067789319332227
ds_1_10,shuffle,67,0.17283287997638874,0.12287572303364058
ds_1_10,shuffle,68,0.32218075311228966,0.062169977555377356
ds_1_10,shuffle,69,0.07360442423288958,0.018656077358460848
ds_1_10,shuffle,70,0.9323114802615154,0.09828276626480563
ds_1_10,shuffle,71,0.1350130151944473,0.8621813688372322
ds_1_10,shuffle,72,0.16331509558989277,0.3488732469211345
ds_1_10,shuffle,73,0.920452165906297,0.0008993411742339428
ds_1_10,shuffle,74,0.004036992402066306,0.6234124128834162
ds_1_10,shuffle,75,0.13637290644362515,0.06388677580055831
ds_1_10,shuffle,76,0.058733767921420765,0.2687140523812777
ds_1_10,shuffle,77,0.06014621934655505,0.27219124564457575
ds_1_10,shuffle,78,0.46219970392445164,0.8964257554916752
ds_1_10,shuffle,79,0.012077788586234468,0.056168527925054265
ds_1_10,shuffle,80,0.019779844404308078,0.3337505335742169
ds_1_10,shuffle,81,0.6499243602667256,0.8918517997951382
ds_1_10,shuffle,82,0.0031008373096818517,0.9126238019396332
ds_1_10,shuffle,83,0.5916660413719176,0.5709560204070951
ds_1_10,shuffle,84,0.09497952869650175,0.9306712832778957
ds_1_10,shuffle,85,0.7451307407007672,0.5333138583244441
ds_1_10,shuffle,86,0.6749428739704296,0.07892275397806962
ds_1_10,shuffle,87,0.21902868692959554,0.009984889369908895
ds_1_10,shuffle,88,0.3948067209969346,0.5450644003109835
ds_1_10,shuffle,89,0.4567591082832009,0.3861750286745105
ds_1_10,shuffle,90,0.2648691376565753,0.3330162720170534
ds_1_10,shuffle,91,0.013180784852326656,5.267379493811614e-06
ds_1_10,shuffle,92,0.7342416933275764,0.32793575210756687
ds_1_10,shuffle,93,0.22385515914744344,0.4404899087678399
ds_1_10,shuffle,94,0.7032601902756748,0.08246497105234166
ds_1_10,shuffle,95,0.7947891738378235,0.07220626337304611
ds_1_10,shuffle,96,1.775158913189558e-06,0.04300712324020554
ds_1_10,shuffle,97,0.004725704433390478,0.29169577993391455
ds_1_10,shuffle,98,0.7040815338169248,0.009678858592134168
ds_1_10,shuffle,99,0.336860951901775,0.09652214758113538
ds_1_10,shuffle,100,0.7990367376975624,0.4111563281509437
ds_1_10,shuffle,101,0.275897683216783,0.47334401721135866
ds_1_10,shuffle,102,0.0005069663517133199,0.007434948082262582
ds_1_10,shuffle,103,0.44411905130127627,0.13564739922127705
ds_1_10,shuffle,104,0.10916151080158026,0.5653468718199215
ds_1_10,shuffle,105,0.8017692536415413,0.40915933045977737
ds_1_10,shuffle,106,0.6368056348170629,0.00015661760087111475
ds_1_10,shuffle,107,0.01039212256130475,0.0044414330419688735
ds_1_10,shuffle,108,0.03888372850647575,0.0003777476553062828
ds_1_10,shuffle,109,0.344939142337769,0.506173904425056
ds_1_10,shuffle,110,0.6952430135435488,0.00012818048817710953
ds_1_10,shuffle,111,0.2555487750109,0.14067789319332227
ds_1_10,shuffle,112,0.8704585787059312,0.17952109724191553
ds_1_10,shuffle,113,0.054831553993262006,8.757498372785168e-14
ds_1_10,shuffle,114,0.6744178927578587,0.03930760502415493
ds_1_10,shuffle,115,0.8219431502466485,0.0011664628965427479
ds_1_10,shuffle,116,0.2888302901062071,0.0777079001960137
ds_1_10,shuffle,117,0.06839619261367222,0.7686454801739858
ds_1_10,shuffle,118,0.3746114852096917,4.229422319674116e-06
ds_1_10,shuffle,119,0.15282403992484103,0.06641577955528913
ds_1_10,shuffle,120,0.07156646546674854,0.5121480630931767
ds_1_10,shuffle,121,0.6986150941762141,0.001152619408828295
ds_1_10,shuffle,122,0.8743031348795873,0.359474340421139
ds_1_10,shuffle,123,0.0007067723985136007,0.45810329902725433
ds_1_10,shuffle,124,0.9573766547604929,0.017187844601146928
ds_1_10,shuffle,125,1.4919832672592255e-05,0.8701266779256357
ds_1_10,shuffle,126,0.8753325788782687,0.888307775015065
ds_1_10,shuffle,127,0.8466021002111791,0.6941263250861024
ds_1_10,shuffle,128,0.3976447331038373,0.3051354177126959
ds_1_10,shuffle,129,0.0022037590611235476,1.661077227561768e-07
ds_1_10,shuffle,130,0.31315625662964447,0.10829672003618374
ds_1_10,shuffle,131,0.13539842765205481,0.9181216669897605
ds_1_10,shuffle,132,0.8872243492613237,0.002062768042596971
ds_1_10,shuffle,133,0.2612717060077985,0.3303080322452008
ds_1_10,shuffle,134,0.16577217036677264,0.10557334142172428
ds_1_10,shuffle,135,0.09492382866575653,0.3244416030653521
ds_1_10,shuffle,136,0.5665615363199792,0.019330337853779838
ds_1_10,shuffle,137,0.13401846106565243,0.5507290552634945
ds_1_10,shuffle,138,0.8561260757698465,0.648736730741426
ds_1_10,shuffle,139,0.9672595565719337,0.1092331855234532
ds_1_10,shuffle,140,0.102563543851954,0.5059370822252802
ds_1_10,shuffle,141,0.16043465069399618,0.013485605850563798
ds_11_20,shuffle,42,0.5015151445316254,0.6527921002581777
ds_11_20,shuffle,43,0.7006229527298323,0.0466972596671268
ds_11_20,shuffle,44,0.12752656068152365,0.17522023959543717
ds_11_20,shuffle,45,0.21185008987622037,0.4406402205898776
ds_11_20,shuffle,46,0.07238844780947537,3.255239935416839e-05
ds_11_20,shuffle,47,0.026879653735691254,0.023115562301645517
ds_11_20,shuffle,48,0.24895519751110612,0.1757645882913446
ds_11_20,shuffle,49,0.06291907304927007,0.0016200436700429957
ds_11_20,shuffle,50,0.9274057079575548,0.4391284607361253
ds_11_20,shuffle,51,0.6080846551222876,0.08990916398338376
ds_11_20,shuffle,52,0.007910856542243183,0.005172577725183412
ds_11_20,shuffle,53,0.12478117610662191,0.05102993711621674
ds_11_20,shuffle,54,0.5399900170034496,0.6458001699809921
ds_11_20,shuffle,55,0.1976003319824322,0.620904469004625
ds_11_20,shuffle,56,0.5130602461652718,0.9615368875635391
ds_11_20,shuffle,57,0.5988406285924402,0.13293826084652224
ds_11_20,shuffle,58,0.04165174165220995,0.10018991602861373
ds_11_20,shuffle,59,0.08136970123782727,0.23895695562278754
ds_11_20,shuffle,60,0.9596021541377557,0.398302286145104
ds_11_20,shuffle,61,0.08513668919771622,0.7093618858167556
ds_11_20,shuffle,62,0.07594164618061389,0.7240049523063808
ds_11_20,shuffle,63,0.8393423545386745,0.005446605654079598
ds_11_20,shuffle,64,0.2866310249245037,0.0060104226981738534
ds_11_20,shuffle,65,0.9608603548484871,0.06655482515233345
ds_11_20,shuffle,66,0.5488693170084805,0.11228571419252971
ds_11_20,shuffle,67,0.06553040142265093,0.08060140500621306
ds_11_20,shuffle,68,0.4685361816756902,0.6233965000862145
ds_11_20,shuffle,69,0.4188556700533813,0.19572099979495888
ds_11_20,shuffle,70,6.124817559603131e-06,0.013540770118436343
ds_11_20,shuffle,71,0.8955307597688815,0.000337550741286824
ds_11_20,shuffle,72,0.5955648616512941,0.08870864062939568
ds_11_20,shuffle,73,9.660473828997222e-05,0.013173346901515311
ds_11_20,shuffle,74,0.02095609381248251,0.005848407523347218
ds_11_20,shuffle,75,0.014702585378267892,0.5764084330902642
ds_11_20,shuffle,76,9.738057904614008e-05,0.10339531122032297
ds_11_20,shuffle,77,0.7226993901373813,0.6453157366734845
ds_11_20,shuffle,78,0.9190471130215916,0.006269857083563917
ds_11_20,shuffle,79,0.006324848764083161,0.4709845466219619
ds_11_20,shuffle,80,0.6310411499940458,0.16324084755085988
ds_11_20,shuffle,81,0.037156889914139866,0.003407678883762925
ds_11_20,shuffle,82,0.028654302189798104,0.3669644887048036
ds_11_20,shuffle,83,0.015894761351726277,0.6102527810085596
ds_11_20,shuffle,84,0.19952666895701243,0.8754680704061798
ds_11_20,shuffle,85,0.46228501118958554,0.014184469699826271
ds_11_20,shuffle,86,0.5393541988560207,0.029425647356671532
ds_11_20,shuffle,87,0.19024422891704182,0.012212148559377974
ds_11_20,shuffle,88,0.5884214140872484,0.8780487229328777
ds_11_20,shuffle,89,0.02287717353924078,0.8930740460981756
ds_11_20,shuffle,90,0.4936193635933773,0.04570340360467629
ds_11_20,shuffle,91,0.7450549708927524,0.5177671949640428
ds_11_20,shuffle,92,0.3933852877865247,0.15334422868379546
ds_11_20,shuffle,93,0.24133062281758194,0.5839964956320125
ds_11_20,shuffle,94,0.7807179229882915,0.00028172752950807195
ds_11_20,shuffle,95,0.7690598139250133,0.04665432887142175
ds_11_20,shuffle,96,0.6412376401311489,0.05061116621907946
ds_11_20,shuffle,97,0.3312009758925796,0.27834481128918837
ds_11_20,shuffle,98,0.7038352029403794,0.17180405743716984
ds_11_20,shuffle,99,6.658278073543954e-08,0.07379873101188537
ds_11_20,shuffle,100,0.3331271580151335,0.8112679164194461
ds_11_20,shuffle,101,0.0247465259194915,0.09203483967331377
ds_11_20,shuffle,102,0.42035611850619414,0.3195524270649105
ds_11_20,shuffle,103,0.8691220217259029,0.10199431295447758
ds_11_20,shuffle,104,0.0018795172301439716,0.12659889745282107
ds_11_20,shuffle,105,0.043781281101060006,0.5445239656308399
ds_11_20,shuffle,106,0.7016225982962839,0.007659170078294141
ds_11_20,shuffle,107,0.3772974482056318,0.7344523485506533
ds_11_20,shuffle,108,0.4820359077819357,0.44981199173058384
ds_11_20,shuffle,109,0.011548975010060391,0.938098675232536
ds_11_20,shuffle,110,0.5344638595845067,0.008426313132031214
ds_11_20,shuffle,111,0.16275188378958172,0.8660024955705371
ds_11_20,shuffle,112,0.09415655098834132,0.014749852894146912
ds_11_20,shuffle,113,0.25157767063964964,0.01974764893688214
ds_11_20,shuffle,114,0.4700156879843813,0.976753006769804
ds_11_20,shuffle,115,0.0014991189449575144,6.795651674994978e-05
ds_11_20,shuffle,116,0.27438240586018836,0.915679825340654
ds_11_20,shuffle,117,0.9158370587152668,0.04088125161433101
ds_11_20,shuffle,118,0.17054601409683995,0.9668396384707221
ds_11_20,shuffle,119,0.9298800671872636,0.10724436545644107
ds_11_20,shuffle,120,0.45935038753246726,0.00039948470600852814
ds_11_20,shuffle,121,0.5855819340347028,1.261490473784614e-05
ds_11_20,shuffle,122,0.2908654431683914,0.006737582180111989
ds_11_20,shuffle,123,0.6309986176289344,0.07698499139935734
ds_11_20,shuffle,124,6.242743305961163e-06,1.8099492127813147e-07
ds_11_20,shuffle,125,0.787068313118628,0.6754125298498328
ds_11_20,shuffle,126,0.5947304793112156,0.4636175777303554
ds_11_20,shuffle,127,0.48729641542952296,0.8124864419023374
ds_11_20,shuffle,128,0.00052752461956418,0.15604517173266616
ds_11_20,shuffle,129,0.1336049389499636,0.21402918797086176
ds_11_20,shuffle,130,0.06379666364155713,0.22928830595978533
ds_11_20,shuffle,131,0.021284050273350844,3.5239507825474515e-05
ds_11_20,shuffle,132,0.04165874020367119,0.11953009414984649
ds_11_20,shuffle,133,0.5280258780766328,0.40439353589699856
ds_11_20,shuffle,134,0.2482804090603744,0.013460083392818047
ds_11_20,shuffle,135,0.3166129621409459,0.9381213281170242
ds_11_20,shuffle,136,0.11167520108579235,0.005798104952444415
ds_11_20,shuffle,137,0.4542038607947212,0.41582618809625815
ds_11_20,shuffle,138,0.004140697148378515,0.0153440630408582
ds_11_20,shuffle,139,0.12103222972821566,0.6053661088921695
ds_11_20,shuffle,140,1.0345751068057182e-05,0.37059459739925293
ds_11_20,shuffle,141,0.0022312085709292316,0.2280142943513482
