seed,stage,epoch,train_loss,val_kl,val_mse,test_kl,test_mse,sumdiff_w,sumdiff_b
242,1,1,285.08902079,0.45436539,0.14893815,0.43840581,0.14489609,2.76915169,0.00771999
242,1,2,9.27232678,0.46218995,0.15850810,0.44366987,0.15289452,2.76891804,0.00769269
242,1,3,9.21809476,0.44082109,0.15091199,0.42306303,0.14560302,2.76855946,0.00769662
242,1,4,9.12771439,0.42519602,0.13934010,0.41078889,0.13573086,2.76806498,0.00772327
242,1,5,8.97778923,0.41905913,0.13558721,0.40574303,0.13246031,2.76747394,0.00772865
242,1,6,8.84020148,0.37078877,0.12790506,0.35622285,0.12335281,2.76673079,0.00770240
242,1,7,8.63817543,0.40422385,0.13086089,0.39439610,0.12861927,2.76594424,0.00774108
242,1,8,8.56028051,0.39701267,0.12930543,0.38893054,0.12745204,2.76455641,0.00774807
242,1,9,8.49342862,0.38107053,0.12212790,0.37362788,0.12038171,2.76199579,0.00775227
242,1,10,8.55369502,0.45564129,0.14292570,0.45023216,0.14183024,2.75656843,0.00776887
242,1,11,8.18326374,0.32020218,0.10540651,0.31502821,0.10404715,2.75206518,0.00774940
242,1,12,8.27498306,0.47420063,0.16559266,0.46485775,0.16215695,2.74208093,0.00766607
242,1,13,8.08558188,0.28100351,0.09879009,0.27425841,0.09640947,2.72982478,0.00769357
242,1,14,7.93227493,0.59975308,0.20523346,0.59131465,0.20224285,2.71558952,0.00765084
242,1,15,7.88571271,0.25052898,0.08285966,0.24721671,0.08197472,2.69343376,0.00774010
242,1,16,8.00813850,0.25084085,0.08756348,0.24629248,0.08603278,2.65001464,0.00769798
242,1,17,7.70499577,0.22047862,0.07334011,0.21739863,0.07257950,2.61530781,0.00773009
242,1,18,7.77291579,0.38944277,0.13792268,0.38360520,0.13568547,2.55009627,0.00766821
242,1,19,7.59913503,0.23919325,0.07889242,0.23664893,0.07824723,2.49131989,0.00774331
242,1,20,7.66362438,0.34969446,0.12438817,0.34464588,0.12248067,2.39204621,0.00767289
242,1,21,7.56204776,0.34188337,0.11178277,0.34035078,0.11114679,2.28853893,0.00778053
242,1,22,7.59621078,0.20944083,0.07043849,0.20676385,0.06981711,2.16798425,0.00773163
242,1,23,7.45397457,0.21598575,0.07378197,0.21269298,0.07288912,2.07027698,0.00771791
242,1,24,7.39455034,0.22225666,0.07405171,0.21995782,0.07350996,2.00284815,0.00775649
242,1,25,7.37548965,0.23575260,0.07857248,0.23352634,0.07799787,1.89315832,0.00777239
242,1,26,7.30163150,0.25563299,0.08979301,0.25211354,0.08869205,1.86701822,0.00770772
242,1,27,7.28982522,0.23799347,0.07888889,0.23579940,0.07831929,1.78449488,0.00778791
242,1,28,7.29385491,0.21628540,0.07372499,0.21292771,0.07286288,1.70718873,0.00774596
242,1,29,7.17435783,0.20884068,0.06959717,0.20668311,0.06911958,1.69330430,0.00778193
242,1,30,7.17611105,0.24816078,0.08250681,0.24641677,0.08202705,1.61174512,0.00782309
242,1,31,7.16898633,0.29706084,0.10536005,0.29301845,0.10399230,1.55831790,0.00772409
242,1,32,7.07140095,0.36683617,0.13033692,0.36309365,0.12891854,1.56089449,0.00771344
242,1,33,7.09608012,0.23556611,0.08174430,0.23239927,0.08090024,1.46941853,0.00776960
242,1,34,6.98237041,0.22213765,0.07353762,0.22028678,0.07313098,1.46079254,0.00784896
242,1,35,6.96940600,0.21430953,0.07097975,0.21217569,0.07051531,1.41171265,0.00785387
242,1,36,6.90813164,0.41682026,0.13288077,0.41624670,0.13237065,1.38272858,0.00796377
242,1,37,6.91803580,0.22397536,0.07409204,0.22218525,0.07368631,1.33567369,0.00789349
242,1,38,6.83764170,0.22115709,0.07601813,0.21837131,0.07534689,1.30738914,0.00783435
242,1,39,6.84452745,0.20569360,0.06936247,0.20335156,0.06889999,1.24688447,0.00787679
242,1,40,6.75303184,0.21781169,0.07195009,0.21574112,0.07150906,1.23614454,0.00793244
242,1,41,6.70404366,0.29773303,0.09775607,0.29669707,0.09734928,1.21058726,0.00800880
242,1,42,6.68915638,0.23417350,0.08123493,0.23134108,0.08050422,1.17219961,0.00788159
242,1,43,6.63530128,0.20636237,0.06972728,0.20432851,0.06940637,1.13984478,0.00793875
242,1,44,6.59360165,0.22798133,0.07882642,0.22502391,0.07804940,1.10874116,0.00791899
242,1,45,6.45800390,0.21712918,0.07442953,0.21466228,0.07387008,1.14519107,0.00794234
242,1,46,6.49176944,0.20966588,0.07127935,0.20739074,0.07084466,1.08324087,0.00797606
242,1,47,6.37929343,0.20691746,0.06854888,0.20507364,0.06826006,1.09489965,0.00804069
242,1,48,6.38116364,0.21650033,0.07177540,0.21525304,0.07159338,1.05881917,0.00808392
242,1,49,6.30181705,0.25403546,0.08904089,0.25095128,0.08813444,1.03725958,0.00797672
242,1,50,6.24795409,0.21081230,0.07175833,0.20868130,0.07138672,1.02952373,0.00804877
242,2,1,14.66016973,0.35760679,0.12529985,0.35526157,0.12431132,1.22517002,0.00749654
242,2,2,9.26430638,0.31015181,0.09988736,0.31000146,0.10016766,1.21121144,0.00755082
242,2,3,9.57217056,0.24822933,0.08228620,0.24895065,0.08285844,1.17145705,0.00755195
242,2,4,9.29143769,0.20943484,0.07126405,0.20937614,0.07150390,1.12286198,0.00753766
242,2,5,9.17194517,0.69534879,0.19876105,0.69774593,0.19893029,1.05857694,0.00761582
242,2,6,8.67782527,0.25659470,0.09034023,0.25523513,0.08980876,1.01129866,0.00753137
242,2,7,8.64686403,0.34050977,0.11342458,0.34159882,0.11366152,0.94207472,0.00760031
242,2,8,8.30230980,0.24098176,0.08440526,0.23942242,0.08390078,0.90849423,0.00754272
242,2,9,8.15525901,0.20747821,0.07070916,0.20628276,0.07053287,0.86939800,0.00756689
242,2,10,7.97409915,0.36364805,0.11974144,0.36463292,0.11988828,0.83936101,0.00765491
242,2,11,7.85448709,0.27341979,0.09134548,0.27344510,0.09145680,0.80113280,0.00766363
242,2,12,7.61561237,0.22045900,0.07619245,0.21862874,0.07573594,0.77249914,0.00762114
242,2,13,7.38090398,0.23581982,0.08235631,0.23359056,0.08167147,0.79179215,0.00764531
242,2,14,7.27306577,0.20222098,0.06752951,0.20170691,0.06766425,0.78434706,0.00774886
242,2,15,7.06935456,0.23564491,0.07835648,0.23600285,0.07868373,0.79466510,0.00782900
242,2,16,6.90121671,0.35889407,0.11648902,0.35932884,0.11658881,0.77145600,0.00794607
242,2,17,6.76778714,0.19539595,0.06516027,0.19434296,0.06515840,0.76545328,0.00794009
242,2,18,6.66074687,0.24059869,0.08009422,0.24032295,0.08014243,0.73381013,0.00807866
242,2,19,6.47327033,0.19598444,0.06527493,0.19540491,0.06543302,0.74796522,0.00812700
242,2,20,6.31235905,0.18958264,0.06374650,0.18841409,0.06371252,0.76563936,0.00817819
242,2,21,6.21506821,0.19141847,0.06447984,0.19009337,0.06440453,0.73730516,0.00827103
242,2,22,6.09326478,0.21571532,0.07152152,0.21515686,0.07168099,0.74257964,0.00844566
242,2,23,5.96436652,0.19385810,0.06570822,0.19226642,0.06551303,0.76097637,0.00845732
242,2,24,5.87158600,0.23073785,0.08034443,0.22856660,0.07974370,0.75314814,0.00851022
242,2,25,5.79304329,0.18754354,0.06264673,0.18647515,0.06266400,0.73897892,0.00872356
242,2,26,5.69281291,0.19617798,0.06672376,0.19441039,0.06642890,0.73439974,0.00877711
242,2,27,5.58102257,0.20495903,0.07030248,0.20270256,0.06979463,0.73268187,0.00886569
242,2,28,5.52732469,0.19511691,0.06477343,0.19436212,0.06489553,0.73793882,0.00908622
242,2,29,5.39563135,0.18985469,0.06316580,0.18892477,0.06321814,0.74135172,0.00916914
242,2,30,5.34525927,0.19513732,0.06642341,0.19341305,0.06613400,0.74184847,0.00919007
242,2,31,5.22618206,0.18516119,0.06191676,0.18384443,0.06181662,0.74499041,0.00933852
242,2,32,5.19667812,0.18675353,0.06240498,0.18580130,0.06248807,0.73207510,0.00947197
242,2,33,5.09710724,0.20358165,0.06739358,0.20276279,0.06747452,0.72781396,0.00962307
242,2,34,4.98968090,0.18721348,0.06318388,0.18535414,0.06286556,0.73684877,0.00959734
242,2,35,4.93989857,0.22624534,0.07499013,0.22611646,0.07523634,0.72948509,0.00983145
242,2,36,4.87036132,0.18855307,0.06263874,0.18734878,0.06258402,0.72486538,0.00984690
242,2,37,4.77737555,0.19746306,0.06543023,0.19687603,0.06556895,0.73545039,0.00994977
242,2,38,4.71551879,0.18099472,0.06050557,0.17965106,0.06035544,0.73382390,0.00992479
242,2,39,4.68071434,0.18223304,0.06110523,0.18054077,0.06083104,0.68317384,0.00998208
242,2,40,4.56232034,0.19042784,0.06483230,0.18842834,0.06437426,0.73048699,0.00996955
242,2,41,4.48865373,0.19608030,0.06513362,0.19560883,0.06525045,0.73843342,0.01020871
242,2,42,4.40913575,0.17797596,0.05957081,0.17669687,0.05936441,0.73926306,0.01019665
242,2,43,4.37421302,0.17960897,0.05991222,0.17842554,0.05975807,0.73052061,0.01026685
242,2,44,4.29173951,0.18083436,0.06110975,0.17911639,0.06070319,0.74138153,0.01023408
242,2,45,4.22397957,0.18153809,0.06143091,0.17968000,0.06096883,0.72652668,0.01022849
242,2,46,4.17345917,0.17819062,0.06007611,0.17639249,0.05960999,0.73514050,0.01030789
242,2,47,4.09999041,0.19455871,0.06679732,0.19231021,0.06605664,0.74640280,0.01027712
242,2,48,4.05686235,0.19477739,0.06492419,0.19466980,0.06501956,0.75190234,0.01058426
242,2,49,3.97062628,0.19151253,0.06370491,0.19122084,0.06373585,0.76496553,0.01057465
242,2,50,3.93221586,0.18122000,0.06035115,0.18043873,0.06019057,0.76473558,0.01055856
242,3,1,4.41879395,0.18495850,0.06283794,0.18303419,0.06233693,0.75771540,0.01016039
242,3,2,4.31829758,0.19024432,0.06503228,0.18819975,0.06445692,0.76218629,0.01012937
242,3,3,4.23130317,0.19911793,0.06856364,0.19678929,0.06784187,0.76880562,0.01009701
242,3,4,4.16265583,0.19666890,0.06768153,0.19464907,0.06699967,0.77540904,0.01014777
242,3,5,4.11947036,0.17711653,0.05968486,0.17587478,0.05940645,0.76418346,0.01026856
242,3,6,4.04432325,0.17772479,0.05933086,0.17693637,0.05920520,0.76601440,0.01034417
242,3,7,3.99662609,0.17663156,0.05895734,0.17595106,0.05885452,0.77822042,0.01034323
242,3,8,3.94592936,0.17997666,0.06107847,0.17823549,0.06053858,0.78734106,0.01027433
242,3,9,3.87916918,0.21871465,0.07293032,0.21877649,0.07309834,0.78280467,0.01050197
242,3,10,3.81996496,0.20049800,0.06929660,0.19802011,0.06835664,0.79660475,0.01015906
242,3,11,3.79442657,0.17566281,0.05941854,0.17406997,0.05885085,0.79076022,0.01028276
242,3,12,3.72743745,0.17967386,0.06110403,0.17777606,0.06039369,0.79152393,0.01025895
242,3,13,3.65450077,0.20376953,0.07058415,0.20084618,0.06945500,0.80795074,0.01013824
242,3,14,3.60703579,0.18429988,0.06297703,0.18188422,0.06208942,0.82216537,0.01021496
242,3,15,3.56322938,0.17762400,0.05919525,0.17679283,0.05895928,0.83257753,0.01042783
242,3,16,3.51419572,0.17868816,0.06079577,0.17653851,0.05995871,0.83178568,0.01021270
242,3,17,3.45579892,0.18987695,0.06523113,0.18714408,0.06417635,0.85456514,0.01015532
242,3,18,3.45961691,0.19719037,0.06810111,0.19443503,0.06694699,0.84001130,0.01016218
242,3,19,3.37465895,0.17709037,0.05898202,0.17618323,0.05867346,0.86689651,0.01042769
242,3,20,3.33566586,0.18218334,0.06071013,0.18152834,0.06052700,0.86592650,0.01046520
242,3,21,3.29085313,0.17416199,0.05910816,0.17175204,0.05813507,0.89151561,0.01017465
242,3,22,3.27544136,0.16709641,0.05580769,0.16562478,0.05524744,0.88540226,0.01028723
242,3,23,3.20409443,0.16540675,0.05541448,0.16375507,0.05471258,0.90294915,0.01028028
242,3,24,3.18015590,0.17099847,0.05787520,0.16837513,0.05679780,0.90370166,0.01017286
242,3,25,3.13705877,0.17133407,0.05804990,0.16899984,0.05703835,0.91846859,0.01011705
242,3,26,3.08592199,0.17321146,0.05884661,0.17020354,0.05761298,0.93289989,0.01007961
242,3,27,3.05225538,0.18200372,0.06038832,0.18086850,0.06013969,0.95018977,0.01036470
242,3,28,3.03846231,0.16264679,0.05413097,0.16096803,0.05347160,0.96648008,0.01021866
242,3,29,2.98347092,0.16371264,0.05441988,0.16200843,0.05381730,0.97258830,0.01019493
242,3,30,2.94801409,0.16352821,0.05503472,0.16089753,0.05392589,0.98736769,0.01000810
242,3,31,2.91610410,0.16807424,0.05571296,0.16692146,0.05537762,1.00525224,0.01019326
242,3,32,2.88382358,0.15989719,0.05309621,0.15828239,0.05249839,1.01077306,0.01007144
242,3,33,2.85619667,0.15887636,0.05269184,0.15701466,0.05203374,1.03538513,0.01001337
242,3,34,2.81661028,0.16415605,0.05430480,0.16296495,0.05399662,1.05286682,0.01005590
242,3,35,2.79249452,0.15693285,0.05202830,0.15510596,0.05135760,1.05970073,0.00988791
242,3,36,2.74770128,0.16435417,0.05562467,0.16131474,0.05434392,1.08866978,0.00959440
242,3,37,2.72748019,0.16668358,0.05663936,0.16352818,0.05522893,1.10775673,0.00958370
242,3,38,2.71176069,0.17168981,0.05866661,0.16817546,0.05709467,1.11484575,0.00947529
242,3,39,2.68211830,0.15505669,0.05124509,0.15361919,0.05075115,1.12351143,0.00975432
242,3,40,2.64910350,0.15220643,0.05042333,0.14998557,0.04958679,1.14453793,0.00957929
242,3,41,2.61507718,0.15326846,0.05053487,0.15112697,0.04983422,1.15899479,0.00951289
242,3,42,2.60624320,0.15068179,0.05001358,0.14855363,0.04913470,1.17341280,0.00946871
242,3,43,2.57087922,0.15007449,0.04952824,0.14787040,0.04873029,1.20132482,0.00939451
242,3,44,2.54692850,0.15458930,0.05188126,0.15158273,0.05053453,1.21394312,0.00914753
242,3,45,2.51853525,0.15174554,0.05078871,0.14879292,0.04946453,1.23602140,0.00918334
242,3,46,2.49053673,0.15006773,0.05013677,0.14716110,0.04880705,1.26754892,0.00916033
242,3,47,2.47245832,0.14665643,0.04857656,0.14371207,0.04739884,1.27675629,0.00913719
242,3,48,2.45604660,0.14536700,0.04782640,0.14284291,0.04688387,1.30137587,0.00910912
242,3,49,2.42643912,0.14486251,0.04756397,0.14273979,0.04675857,1.32608414,0.00908209
242,3,50,2.40557010,0.15346354,0.05029652,0.15190332,0.04988973,1.34501326,0.00916994
242,3,51,2.38740457,0.14336451,0.04701019,0.14120914,0.04618410,1.36279750,0.00906599
242,3,52,2.34745408,0.14368049,0.04714002,0.14125147,0.04623072,1.39406741,0.00901981
242,3,53,2.33758347,0.14112389,0.04664121,0.13813969,0.04533884,1.42095733,0.00880936
242,3,54,2.32398834,0.13975173,0.04575178,0.13694164,0.04463679,1.42923367,0.00883823
242,3,55,2.30367797,0.14323630,0.04767946,0.13970045,0.04604103,1.44717646,0.00871776
242,3,56,2.28065454,0.15504491,0.05065398,0.15329472,0.05025642,1.47945011,0.00899759
242,3,57,2.26203408,0.13753351,0.04524220,0.13431803,0.04384579,1.49650657,0.00879703
242,3,58,2.23970066,0.13967112,0.04629703,0.13570946,0.04457590,1.53425670,0.00855022
242,3,59,2.23234608,0.13643964,0.04491749,0.13292813,0.04336421,1.54942083,0.00866930
242,3,60,2.20750243,0.13802455,0.04569143,0.13418759,0.04398412,1.57928622,0.00862770
242,3,61,2.20305727,0.14509173,0.04715741,0.14281055,0.04647767,1.59860671,0.00887482
242,3,62,2.18828385,0.16999844,0.05879720,0.16488562,0.05634598,1.60526621,0.00831371
242,3,63,2.16223274,0.13256869,0.04318065,0.12905083,0.04175180,1.63691425,0.00869121
242,3,64,2.15484263,0.13435660,0.04424663,0.13050593,0.04257332,1.64844418,0.00861582
242,3,65,2.14208503,0.14611134,0.04742548,0.14395264,0.04683741,1.67035878,0.00884900
242,3,66,2.12591226,0.13148417,0.04293685,0.12747931,0.04125235,1.69098771,0.00857430
242,3,67,2.11185713,0.13126684,0.04305576,0.12750280,0.04138634,1.72321129,0.00855225
242,3,68,2.10657309,0.13106457,0.04279686,0.12687941,0.04105608,1.71898723,0.00857313
242,3,69,2.09458528,0.13307727,0.04292583,0.12970935,0.04172669,1.74599779,0.00876223
242,3,70,2.07699769,0.12956736,0.04196979,0.12593776,0.04054069,1.76788485,0.00863554
242,3,71,2.06052585,0.12865686,0.04179732,0.12491483,0.04020749,1.79096210,0.00852406
242,3,72,2.05217467,0.12777613,0.04156101,0.12410825,0.03999795,1.82269061,0.00865785
242,3,73,2.04474804,0.12911634,0.04222684,0.12499785,0.04045903,1.83632541,0.00851566
242,3,74,2.03898252,0.14846009,0.05035756,0.14352057,0.04808277,1.84562087,0.00837092
242,3,75,2.02946267,0.12686359,0.04111330,0.12294508,0.03953338,1.86610496,0.00857012
242,3,76,2.01455566,0.12610932,0.04081403,0.12267334,0.03936231,1.88126242,0.00856452
242,3,77,2.00757150,0.12838498,0.04191457,0.12397802,0.04009394,1.89302874,0.00850807
242,3,78,1.99778883,0.13093510,0.04312559,0.12648571,0.04122956,1.91520286,0.00849084
242,3,79,1.98701943,0.12747210,0.04086932,0.12463536,0.03983983,1.92341518,0.00865046
242,3,80,1.97984861,0.12599660,0.04045496,0.12261687,0.03919393,1.94858134,0.00863255
242,3,81,1.97596330,0.12621011,0.04055126,0.12335781,0.03940677,1.95592213,0.00874460
242,3,82,1.96677373,0.12448762,0.04012599,0.12084374,0.03865505,1.97840834,0.00868290
242,3,83,1.95619883,0.12489240,0.04053435,0.12083469,0.03884778,2.00648665,0.00853938
242,3,84,1.95567201,0.13508332,0.04336569,0.13253322,0.04262690,2.01705289,0.00876326
242,3,85,1.94450858,0.12502582,0.04049702,0.12108580,0.03885612,2.02136612,0.00844943
242,3,86,1.93569892,0.12371392,0.03997008,0.11962093,0.03834215,2.04484344,0.00858955
242,3,87,1.93121856,0.12334758,0.03988684,0.11944239,0.03829987,2.05662012,0.00859512
242,3,88,1.91780051,0.15880532,0.05467423,0.15344911,0.05224891,2.08078694,0.00815368
242,3,89,1.91641889,0.13232827,0.04386395,0.12783131,0.04191272,2.09484863,0.00831916
242,3,90,1.91250755,0.12267020,0.03959448,0.11874868,0.03802060,2.10982513,0.00861746
242,3,91,1.89942587,0.12321974,0.03938215,0.11990421,0.03816833,2.13199592,0.00881357
242,3,92,1.89926298,0.12237443,0.03952436,0.11870929,0.03801635,2.14973545,0.00863159
242,3,93,1.89371704,0.13157684,0.04353558,0.12725537,0.04166722,2.15674663,0.00851500
242,3,94,1.89532224,0.12152235,0.03910063,0.11792812,0.03770276,2.16796947,0.00865136
242,3,95,1.88273635,0.13137922,0.04354882,0.12688861,0.04163913,2.19120765,0.00853600
242,3,96,1.87764832,0.12147984,0.03878710,0.11794194,0.03746354,2.20941234,0.00880831
242,3,97,1.87393692,0.12827574,0.04218233,0.12378669,0.04030079,2.21056795,0.00861492
242,3,98,1.86998421,0.12148553,0.03891162,0.11811948,0.03758569,2.23127198,0.00875654
242,3,99,1.85988751,0.12190091,0.03931141,0.11781008,0.03761874,2.24933553,0.00872656
242,3,100,1.86005981,0.12330328,0.03996513,0.11928085,0.03827411,2.26059294,0.00872785
242,4,1,1.70571122,0.12147984,0.03878710,0.11794194,0.03746354,2.20941234,0.00880831
242,4,2,1.46299285,0.12147984,0.03878710,0.11794194,0.03746354,2.20941234,0.00880831
242,4,3,1.34481571,0.12147984,0.03878710,0.11794194,0.03746354,2.20941234,0.00880831
242,4,4,1.29897195,0.12147984,0.03878710,0.11794194,0.03746354,2.20941234,0.00880831
242,4,5,1.28618844,0.12147984,0.03878710,0.11794194,0.03746354,2.20941234,0.00880831
242,4,6,1.28549248,0.12147984,0.03878710,0.11794194,0.03746354,2.20941234,0.00880831
242,4,7,1.28547576,0.12147984,0.03878710,0.11794194,0.03746354,2.20941234,0.00880831
242,4,8,1.28546974,0.12147984,0.03878710,0.11794194,0.03746354,2.20941234,0.00880831
242,4,9,1.28546357,0.12147984,0.03878710,0.11794194,0.03746354,2.20941234,0.00880831
242,4,10,1.28545614,0.12147984,0.03878710,0.11794194,0.03746354,2.20941234,0.00880831
242,4,11,1.28544949,0.12147984,0.03878710,0.11794194,0.03746354,2.20941234,0.00880831
242,4,12,1.28544732,0.12147984,0.03878710,0.11794194,0.03746354,2.20941234,0.00880831
242,4,13,1.28544099,0.12147984,0.03878710,0.11794194,0.03746354,2.20941234,0.00880831
242,4,14,1.28543124,0.12147984,0.03878710,0.11794194,0.03746354,2.20941234,0.00880831
242,4,15,1.28541933,0.12147984,0.03878710,0.11794194,0.03746354,2.20941234,0.00880831
242,4,16,1.28540575,0.12147984,0.03878710,0.11794194,0.03746354,2.20941234,0.00880831
242,5,1,1.42392242,0.11876465,0.03818539,0.11534175,0.03689322,2.21270108,0.00874613
242,5,2,1.28230390,0.11750101,0.03802651,0.11398097,0.03662435,2.21708131,0.00862474
242,5,3,1.23059900,0.11669887,0.03787932,0.11308491,0.03644147,2.22496367,0.00858616
242,5,4,1.20603617,0.11631660,0.03772692,0.11303959,0.03648827,2.23403406,0.00858177
242,5,5,1.18026514,0.11717807,0.03844323,0.11312965,0.03679783,2.24295259,0.00833554
242,5,6,1.15032446,0.11723326,0.03839151,0.11338939,0.03684540,2.25270748,0.00829099
242,5,7,1.11962473,0.11902303,0.03865982,0.11545022,0.03727817,2.26102638,0.00823742
242,5,8,1.09188936,0.12179141,0.03925814,0.11827155,0.03790346,2.26762247,0.00814299
242,5,9,1.07036723,0.12575293,0.04063262,0.12113379,0.03879860,2.27076292,0.00797887
242,5,10,1.05390277,0.12572317,0.04013538,0.12175167,0.03854679,2.26861763,0.00799339
242,5,11,1.04252322,0.12705777,0.04019948,0.12312429,0.03865222,2.26433396,0.00794454
242,5,12,1.03321750,0.12809845,0.04060207,0.12405215,0.03895756,2.25801444,0.00788014
242,5,13,1.02801560,0.12765846,0.04029686,0.12366027,0.03871005,2.25085521,0.00788151
242,5,14,1.02167534,0.12715258,0.03994342,0.12353602,0.03852501,2.24495554,0.00788340
242,4,1,1.70608425,0.12147984,0.03878710,0.11794194,0.03746354,2.20941234,0.00880831
242,4,2,1.46325917,0.12147984,0.03878710,0.11794194,0.03746354,2.20941234,0.00880831
242,4,3,1.34474191,0.12147984,0.03878710,0.11794194,0.03746354,2.20941234,0.00880831
242,4,4,1.29878445,0.12147984,0.03878710,0.11794194,0.03746354,2.20941234,0.00880831
242,4,5,1.28615453,0.12147984,0.03878710,0.11794194,0.03746354,2.20941234,0.00880831
242,4,6,1.28548854,0.12147984,0.03878710,0.11794194,0.03746354,2.20941234,0.00880831
242,4,7,1.28547330,0.12147984,0.03878710,0.11794194,0.03746354,2.20941234,0.00880831
242,4,8,1.28546874,0.12147984,0.03878710,0.11794194,0.03746354,2.20941234,0.00880831
242,4,9,1.28544880,0.12147984,0.03878710,0.11794194,0.03746354,2.20941234,0.00880831
242,4,10,1.28546122,0.12147984,0.03878710,0.11794194,0.03746354,2.20941234,0.00880831
242,4,11,1.28544242,0.12147984,0.03878710,0.11794194,0.03746354,2.20941234,0.00880831
242,4,12,1.28544614,0.12147984,0.03878710,0.11794194,0.03746354,2.20941234,0.00880831
242,4,13,1.28543830,0.12147984,0.03878710,0.11794194,0.03746354,2.20941234,0.00880831
242,4,14,1.28543008,0.12147984,0.03878710,0.11794194,0.03746354,2.20941234,0.00880831
242,4,15,1.28541889,0.12147984,0.03878710,0.11794194,0.03746354,2.20941234,0.00880831
242,4,16,1.28541494,0.12147984,0.03878710,0.11794194,0.03746354,2.20941234,0.00880831
242,4,17,1.28540640,0.12147984,0.03878710,0.11794194,0.03746354,2.20941234,0.00880831
242,4,18,1.28539278,0.12147984,0.03878710,0.11794194,0.03746354,2.20941234,0.00880831
242,4,19,1.28538674,0.12147984,0.03878710,0.11794194,0.03746354,2.20941234,0.00880831
242,4,20,1.28537543,0.12147984,0.03878710,0.11794194,0.03746354,2.20941234,0.00880831
242,4,21,1.28536534,0.12147984,0.03878710,0.11794194,0.03746354,2.20941234,0.00880831
242,4,22,1.28536207,0.12147984,0.03878710,0.11794194,0.03746354,2.20941234,0.00880831
242,4,23,1.28534925,0.12147984,0.03878710,0.11794194,0.03746354,2.20941234,0.00880831
242,4,24,1.28533748,0.12147984,0.03878710,0.11794194,0.03746354,2.20941234,0.00880831
242,4,25,1.28533403,0.12147984,0.03878710,0.11794194,0.03746354,2.20941234,0.00880831
242,4,26,1.28531745,0.12147984,0.03878710,0.11794194,0.03746354,2.20941234,0.00880831
242,4,27,1.28531007,0.12147984,0.03878710,0.11794194,0.03746354,2.20941234,0.00880831
242,4,28,1.28529696,0.12147984,0.03878710,0.11794194,0.03746354,2.20941234,0.00880831
242,4,29,1.28529227,0.12147984,0.03878710,0.11794194,0.03746354,2.20941234,0.00880831
242,4,30,1.28527514,0.12147984,0.03878710,0.11794194,0.03746354,2.20941234,0.00880831
242,4,31,1.28526682,0.12147984,0.03878710,0.11794194,0.03746354,2.20941234,0.00880831
242,4,32,1.28524804,0.12147984,0.03878710,0.11794194,0.03746354,2.20941234,0.00880831
242,4,33,1.28523289,0.12147984,0.03878710,0.11794194,0.03746354,2.20941234,0.00880831
242,4,34,1.28522381,0.12147984,0.03878710,0.11794194,0.03746354,2.20941234,0.00880831
242,4,35,1.28520784,0.12147984,0.03878710,0.11794194,0.03746354,2.20941234,0.00880831
242,4,36,1.28520017,0.12147984,0.03878710,0.11794194,0.03746354,2.20941234,0.00880831
242,4,37,1.28518427,0.12147984,0.03878710,0.11794194,0.03746354,2.20941234,0.00880831
242,4,38,1.28517023,0.12147984,0.03878710,0.11794194,0.03746354,2.20941234,0.00880831
242,4,39,1.28514546,0.12147984,0.03878710,0.11794194,0.03746354,2.20941234,0.00880831
242,4,40,1.28514099,0.12147984,0.03878710,0.11794194,0.03746354,2.20941234,0.00880831
242,4,41,1.28511912,0.12147984,0.03878710,0.11794194,0.03746354,2.20941234,0.00880831
242,4,42,1.28510008,0.12147984,0.03878710,0.11794194,0.03746354,2.20941234,0.00880831
242,4,43,1.28508448,0.12147984,0.03878710,0.11794194,0.03746354,2.20941234,0.00880831
242,4,44,1.28507676,0.12147984,0.03878710,0.11794194,0.03746354,2.20941234,0.00880831
242,4,45,1.28505605,0.12147984,0.03878710,0.11794194,0.03746354,2.20941234,0.00880831
242,4,46,1.28504173,0.12147984,0.03878710,0.11794194,0.03746354,2.20941234,0.00880831
242,4,47,1.28501539,0.12147984,0.03878710,0.11794194,0.03746354,2.20941234,0.00880831
242,4,48,1.28499215,0.12147984,0.03878710,0.11794194,0.03746354,2.20941234,0.00880831
242,4,49,1.28497903,0.12147984,0.03878710,0.11794194,0.03746354,2.20941234,0.00880831
242,4,50,1.28495798,0.12147984,0.03878710,0.11794194,0.03746354,2.20941234,0.00880831
242,4,51,1.28493462,0.12147984,0.03878710,0.11794194,0.03746354,2.20941234,0.00880831
242,5,1,1.42325408,0.12001899,0.03902540,0.11612728,0.03741773,2.21203995,0.00861931
242,5,2,1.28215268,0.11774591,0.03797278,0.11441586,0.03670324,2.21639657,0.00868379
242,5,3,1.23019442,0.11669968,0.03787519,0.11310720,0.03646205,2.22409225,0.00857553
242,5,4,1.20599003,0.11604652,0.03775611,0.11238171,0.03631591,2.23264194,0.00850137
242,5,5,1.18030304,0.11613025,0.03794129,0.11249775,0.03649546,2.24234509,0.00839310
242,5,6,1.15033482,0.11793519,0.03834554,0.11497146,0.03720890,2.25116158,0.00838521
242,5,7,1.11983078,0.11954742,0.03909396,0.11531802,0.03741114,2.26012969,0.00816182
242,5,8,1.09159105,0.12202868,0.03960982,0.11781718,0.03792099,2.26804495,0.00810994
242,5,9,1.06914033,0.12418646,0.03984548,0.12018100,0.03828859,2.27117634,0.00804361
242,5,10,1.05262359,0.12650417,0.04031661,0.12225217,0.03865720,2.27055430,0.00797980
242,5,11,1.04205644,0.12731401,0.04018153,0.12351691,0.03871682,2.26496148,0.00796226
242,5,12,1.03263138,0.13066752,0.04151670,0.12576817,0.03956690,2.25849628,0.00782055
242,5,13,1.02664411,0.12816993,0.04038598,0.12393571,0.03875512,2.25079465,0.00786459
242,5,14,1.02029150,0.12815379,0.04046958,0.12411124,0.03882882,2.24488330,0.00785910
242,5,15,1.01696811,0.12712441,0.03991784,0.12341508,0.03847128,2.24003029,0.00789464
242,5,16,1.01340676,0.12776449,0.04022115,0.12350677,0.03854267,2.23656154,0.00781894
242,5,17,1.01033882,0.12777001,0.04022677,0.12356602,0.03858861,2.23437047,0.00781199
242,5,18,1.00896315,0.12671841,0.03961874,0.12323530,0.03831370,2.23342776,0.00790317
242,5,19,1.00774216,0.12590658,0.03947702,0.12243930,0.03814645,2.23175287,0.00790002
242,5,20,1.00516103,0.12579316,0.03952723,0.12195614,0.03805630,2.23097110,0.00784907
242,5,21,1.00418426,0.12659855,0.03956507,0.12356398,0.03842366,2.23224163,0.00794719
242,5,22,1.00220363,0.12645641,0.03980302,0.12248721,0.03824548,2.23346162,0.00781609
242,5,23,1.00183959,0.12714492,0.03971242,0.12459520,0.03874730,2.23480606,0.00795633
242,5,24,1.00079147,0.12537606,0.03940016,0.12167288,0.03797233,2.23657250,0.00782024
242,5,25,0.99898363,0.12497305,0.03918930,0.12157674,0.03787233,2.23859882,0.00784913
242,5,26,0.99818223,0.12601290,0.03964472,0.12203102,0.03809177,2.23956609,0.00781207
242,5,27,0.99618691,0.12459178,0.03913757,0.12111743,0.03779084,2.24213123,0.00784951
242,5,28,0.99656338,0.12470233,0.03908769,0.12126269,0.03779707,2.24404478,0.00788290
242,5,29,0.99435177,0.12449148,0.03900702,0.12147285,0.03784691,2.24650764,0.00788053
242,5,30,0.99351077,0.12472534,0.03914974,0.12115633,0.03779512,2.24865079,0.00783526
242,5,31,0.99266053,0.12689553,0.03992860,0.12268333,0.03831397,2.25073981,0.00779187
242,5,32,0.99155966,0.12601423,0.03932095,0.12346660,0.03838085,2.25351501,0.00792971
242,5,33,0.98993752,0.12556267,0.03942363,0.12164064,0.03791770,2.25628495,0.00783172
242,5,34,0.98903420,0.12421698,0.03893609,0.12092585,0.03767328,2.25843740,0.00788559
242,5,35,0.98857354,0.12577531,0.03949925,0.12188845,0.03798473,2.26069093,0.00783437
242,5,36,0.98759351,0.12455585,0.03906219,0.12100158,0.03770092,2.26334476,0.00786760
242,5,37,0.98738307,0.12480583,0.03907631,0.12105565,0.03769106,2.26512742,0.00785847
242,5,38,0.98527944,0.12404156,0.03882781,0.12077947,0.03758123,2.26722074,0.00790107
242,5,39,0.98327872,0.12440287,0.03889288,0.12144742,0.03778508,2.27002883,0.00793048
242,5,40,0.98283999,0.12409166,0.03887111,0.12068201,0.03756462,2.27203345,0.00788153
242,5,41,0.98232093,0.12374298,0.03873383,0.12076535,0.03755235,2.27454901,0.00793849
242,5,42,0.98194553,0.12432088,0.03898429,0.12067441,0.03759186,2.27577925,0.00788455
242,5,43,0.98051076,0.12427274,0.03887157,0.12086870,0.03759522,2.27874660,0.00790364
242,5,44,0.98002347,0.12412751,0.03874273,0.12091882,0.03755619,2.28058863,0.00793425
242,5,45,0.97838756,0.12443654,0.03896680,0.12082042,0.03759278,2.28269482,0.00789327
242,5,46,0.97733448,0.12425115,0.03876876,0.12146369,0.03773453,2.28406549,0.00798709
242,5,47,0.97592832,0.12399837,0.03883426,0.12060094,0.03751384,2.28781796,0.00793500
242,5,48,0.97581880,0.12390254,0.03878255,0.12062651,0.03750317,2.28997636,0.00793291
242,5,49,0.97410609,0.12331951,0.03857093,0.12030281,0.03740502,2.29154491,0.00796409
242,5,50,0.97460336,0.12370531,0.03869670,0.12035237,0.03741488,2.29357910,0.00796101
242,5,51,0.97215477,0.12340202,0.03853624,0.12047296,0.03741756,2.29594159,0.00800006
242,5,52,0.97173377,0.12313550,0.03850181,0.12007593,0.03733352,2.29678464,0.00797802
242,5,53,0.97032552,0.12943983,0.04069381,0.12511686,0.03898993,2.29955626,0.00787509
242,5,54,0.96967419,0.12315222,0.03848129,0.12024240,0.03737362,2.30171514,0.00801325
